{
	"credit": "",
	"texture_size": [32, 32],
	"textures": {
		"1": "item/iron_hoe"
	},
	"elements": [
		{
			"name": "self",
			"from": [4, 0, 2],
			"to": [6, 4, 6],
			"rotation": {"angle": 0, "axis": "y", "origin": [5, 2, 4]},
			"faces": {
				"north": {"uv": [7, 12, 6, 14], "texture": "#1"},
				"east": {"uv": [8, 14, 6, 16], "texture": "#1"},
				"south": {"uv": [7, 14, 6, 12], "texture": "#1"},
				"west": {"uv": [6, 14, 8, 16], "texture": "#1"},
				"up": {"uv": [7, 14, 6, 12], "texture": "#1"},
				"down": {"uv": [7, 14, 6, 12], "texture": "#1"}
			}
		},
		{
			"name": "self",
			"from": [10, 0, 2],
			"to": [12, 4, 6],
			"rotation": {"angle": 0, "axis": "y", "origin": [11, 2, 4]},
			"faces": {
				"north": {"uv": [7, 12, 6, 14], "texture": "#1"},
				"east": {"uv": [8, 14, 6, 16], "texture": "#1"},
				"south": {"uv": [7, 14, 6, 12], "texture": "#1"},
				"west": {"uv": [6, 14, 8, 16], "texture": "#1"},
				"up": {"uv": [7, 14, 6, 12], "texture": "#1"},
				"down": {"uv": [7, 14, 6, 12], "texture": "#1"}
			}
		},
		{
			"name": "self",
			"from": [3, 0, 11],
			"to": [5, 5, 16],
			"rotation": {"angle": 0, "axis": "y", "origin": [4, 2.5, 13.5]},
			"faces": {
				"north": {"uv": [7, 11.5, 8, 14], "texture": "#1"},
				"east": {"uv": [10.5, 13.5, 8, 16], "texture": "#1"},
				"south": {"uv": [7, 14, 8, 11.5], "texture": "#1"},
				"west": {"uv": [8, 13.5, 10.5, 16], "texture": "#1"},
				"up": {"uv": [8, 14, 7, 11.5], "texture": "#1"},
				"down": {"uv": [8, 14, 7, 11.5], "texture": "#1"}
			}
		},
		{
			"name": "self",
			"from": [11, 0, 11],
			"to": [13, 5, 16],
			"rotation": {"angle": 0, "axis": "y", "origin": [12, 2.5, 13.5]},
			"faces": {
				"north": {"uv": [7, 11.5, 8, 14], "texture": "#1"},
				"east": {"uv": [10.5, 13.5, 8, 16], "texture": "#1"},
				"south": {"uv": [7, 14, 8, 11.5], "texture": "#1"},
				"west": {"uv": [8, 13.5, 10.5, 16], "texture": "#1"},
				"up": {"uv": [8, 14, 7, 11.5], "texture": "#1"},
				"down": {"uv": [8, 14, 7, 11.5], "texture": "#1"}
			}
		},
		{
			"name": "visor",
			"from": [6, 2, 6],
			"to": [10, 2, 11],
			"rotation": {"angle": 0, "axis": "y", "origin": [8, -3, 8.5]},
			"faces": {
				"up": {"uv": [8, 4, 6, 1.5], "texture": "#1"}
			}
		},
		{
			"name": "visor",
			"from": [6, 2, 11],
			"to": [10, 6, 11],
			"rotation": {"angle": 0, "axis": "y", "origin": [8, 3, 7.5]},
			"faces": {
				"north": {"uv": [14, 8, 12, 10], "texture": "#1"}
			}
		},
		{
			"name": "hull",
			"from": [6, 2, 6],
			"to": [10, 6, 14],
			"rotation": {"angle": 0, "axis": "y", "origin": [8, 3.5, 10]},
			"faces": {
				"north": {"uv": [12, 12, 14, 14], "texture": "#1"},
				"east": {"uv": [16, 14, 12, 16], "texture": "#1"},
				"south": {"uv": [14, 8, 16, 10], "texture": "#1"},
				"west": {"uv": [12, 14, 16, 16], "texture": "#1"},
				"up": {"uv": [16, 14, 14, 10], "texture": "#1"}
			}
		},
		{
			"name": "hull",
			"from": [10, 6, 14],
			"to": [6, 2, 6],
			"rotation": {"angle": 0, "axis": "x", "origin": [8, 3.5, 10]},
			"faces": {
				"north": {"uv": [14, 8, 16, 10], "rotation": 180, "texture": "#1"},
				"east": {"uv": [16, 14, 12, 16], "rotation": 180, "texture": "#1"},
				"south": {"uv": [12, 12, 14, 14], "rotation": 180, "texture": "#1"},
				"west": {"uv": [12, 14, 16, 16], "rotation": 180, "texture": "#1"},
				"down": {"uv": [16, 14, 14, 10], "texture": "#1"}
			}
		},
		{
			"name": "bottomplate",
			"from": [5, 1, 6],
			"to": [11, 3, 11],
			"rotation": {"angle": 0, "axis": "y", "origin": [8, 3, 8.5]},
			"faces": {
				"north": {"uv": [0, 8, 3, 9], "texture": "#1"},
				"east": {"uv": [2.5, 9, 0, 10], "texture": "#1"},
				"west": {"uv": [0, 9, 2.5, 10], "texture": "#1"},
				"up": {"uv": [3, 5.5, 0, 3], "texture": "#1"},
				"down": {"uv": [3, 5.5, 0, 8], "texture": "#1"}
			}
		},
		{
			"name": "backplate",
			"from": [5, 1, 11],
			"to": [11, 5, 15],
			"rotation": {"angle": 0, "axis": "y", "origin": [8, 3, 11]},
			"faces": {
				"north": {"uv": [0, 12, 3, 14], "texture": "#1"},
				"east": {"uv": [2, 10, 0, 12], "texture": "#1"},
				"south": {"uv": [0, 14, 3, 16], "texture": "#1"},
				"west": {"uv": [0, 10, 2, 12], "texture": "#1"},
				"up": {"uv": [6, 14, 3, 12], "texture": "#1"},
				"down": {"uv": [6, 14, 3, 16], "texture": "#1"}
			}
		},
		{
			"name": "trunk",
			"from": [6, 3, 2],
			"to": [10, 4, 6],
			"rotation": {"angle": 0, "axis": "y", "origin": [8, 3, 6]},
			"faces": {
				"north": {"uv": [8, 0, 10, 1.5], "texture": "#1"},
				"east": {"uv": [10, 1.5, 8, 3], "texture": "#1"},
				"west": {"uv": [8, 1.5, 10, 3], "texture": "#1"},
				"up": {"uv": [12, 2, 10, 0], "texture": "#1"},
				"down": {"uv": [12, 2, 10, 4], "texture": "#1"}
			}
		},
		{
			"name": "nose",
			"from": [4, 1, 0],
			"to": [12, 3, 2],
			"rotation": {"angle": 0, "axis": "y", "origin": [8, 2, 2]},
			"faces": {
				"north": {"uv": [12, 1, 16, 2], "texture": "#1"},
				"east": {"uv": [13, 4, 12, 5], "texture": "#1"},
				"south": {"uv": [12, 2, 16, 3], "texture": "#1"},
				"west": {"uv": [12, 4, 13, 5], "texture": "#1"},
				"up": {"uv": [16, 1, 12, 0], "texture": "#1"},
				"down": {"uv": [16, 3, 12, 4], "texture": "#1"}
			}
		},
		{
			"name": "fin_l",
			"from": [5.25, 5, 13],
			"to": [6.25, 7, 15],
			"rotation": {"angle": 22.5, "axis": "x", "origin": [5.5, 5, 13]},
			"faces": {
				"north": {"uv": [3, 4, 3.5, 5], "texture": "#1"},
				"east": {"uv": [4, 3, 3, 4], "texture": "#1"},
				"south": {"uv": [3.5, 4, 4, 5], "texture": "#1"},
				"west": {"uv": [3, 3, 4, 4], "texture": "#1"}
			}
		},
		{
			"name": "fin_r",
			"from": [9.75, 5, 13],
			"to": [10.75, 7, 15],
			"rotation": {"angle": 22.5, "axis": "x", "origin": [10.5, 5, 13]},
			"faces": {
				"north": {"uv": [3, 4, 3.5, 5], "texture": "#1"},
				"east": {"uv": [4, 3, 3, 4], "texture": "#1"},
				"south": {"uv": [3.5, 4, 4, 5], "texture": "#1"},
				"west": {"uv": [3, 3, 4, 4], "texture": "#1"}
			}
		},
		{
			"name": "wing",
			"from": [3, 6, 13.75],
			"to": [13, 7, 15.75],
			"rotation": {"angle": 0, "axis": "y", "origin": [8, 6.5, 14.75]},
			"faces": {
				"north": {"uv": [11, 7, 16, 7.5], "texture": "#1"},
				"east": {"uv": [12, 8, 11, 8.5], "texture": "#1"},
				"south": {"uv": [11, 7.5, 16, 8], "texture": "#1"},
				"west": {"uv": [11, 8, 12, 8.5], "texture": "#1"},
				"up": {"uv": [16, 7, 11, 6], "texture": "#1"},
				"down": {"uv": [16, 6, 11, 5], "texture": "#1"}
			}
		},
		{
			"from": [7, 4, 5],
			"to": [9, 5, 7],
			"rotation": {"angle": 0, "axis": "y", "origin": [8, 4, 6]},
			"faces": {
				"north": {"uv": [0, 0, 1, 0.5], "texture": "#1"},
				"east": {"uv": [0, 0, 1, 0.5], "texture": "#1"},
				"south": {"uv": [0, 0, 1, 0.5], "texture": "#1"},
				"west": {"uv": [0, 0, 1, 0.5], "texture": "#1"},
				"up": {"uv": [0, 0.5, 1, 1.5], "texture": "#1"},
				"down": {"uv": [0, 0.5, 1, 1.5], "rotation": 90, "texture": "#1"}
			}
		},
		{
			"from": [5, 3, 15],
			"to": [7, 4, 15.05],
			"rotation": {"angle": 0, "axis": "y", "origin": [8, 0, 8]},
			"faces": {
				"south": {"uv": [1.5, 0.5, 2.5, 1], "texture": "#1"}
			}
		},
		{
			"from": [9, 3, 15],
			"to": [11, 4, 15.05],
			"rotation": {"angle": 0, "axis": "y", "origin": [8, 0, 8]},
			"faces": {
				"south": {"uv": [2.5, 0.5, 1.5, 1], "texture": "#1"}
			}
		},
		{
			"from": [3.975, 2, -0.025],
			"to": [6, 3.025, 1],
			"rotation": {"angle": 0, "axis": "y", "origin": [5, 2.5, 0.5]},
			"faces": {
				"north": {"uv": [1.5, 0, 2.5, 0.5], "texture": "#1"},
				"west": {"uv": [2, 0, 2.5, 0.5], "texture": "#1"},
				"up": {"uv": [2.5, 0, 1.5, 0.5], "texture": "#1"}
			}
		},
		{
			"from": [10, 2, -0.025],
			"to": [12.025, 3.025, 1],
			"rotation": {"angle": 0, "axis": "y", "origin": [11, 2.5, 0.5]},
			"faces": {
				"north": {"uv": [2.5, 0, 1.5, 0.5], "texture": "#1"},
				"east": {"uv": [2.5, 0, 2, 0.5], "texture": "#1"},
				"up": {"uv": [1.5, 0, 2.5, 0.5], "texture": "#1"}
			}
		},
		{
			"from": [6, 3, 6],
			"to": [10, 4, 6],
			"rotation": {"angle": 0, "axis": "y", "origin": [8, 4, 8]},
			"faces": {
				"north": {"uv": [7.5, 10, 9.5, 10.5], "texture": "#1"},
				"east": {"uv": [6.5, 10, 7.5, 10.5], "texture": "#1"},
				"south": {"uv": [6.5, 9.5, 8.5, 10], "texture": "#1"},
				"west": {"uv": [6.5, 7, 7.5, 7.5], "texture": "#1"},
				"up": {"uv": [6.5, 8.5, 8.5, 9.5], "texture": "#1"},
				"down": {"uv": [6.5, 7.5, 8.5, 8.5], "texture": "#1"}
			}
		}
	],
	"groups": [
		{
			"name": "root",
			"origin": [8, 6, 8],
			"color": 9,
			"children": [
				{
					"name": "Wheel",
					"origin": [8, 2, 8],
					"color": 1,
					"children": [
						{
							"name": "FL",
							"origin": [5, 2, 4],
							"color": 1,
							"children": [0]
						},
						{
							"name": "FR",
							"origin": [11, 2, 4],
							"color": 1,
							"children": [1]
						},
						{
							"name": "BL",
							"origin": [4, 2.5, 13.5],
							"color": 1,
							"children": [2]
						},
						{
							"name": "BR",
							"origin": [12, 2.5, 13.5],
							"color": 1,
							"children": [3]
						}
					]
				},
				{
					"name": "Base",
					"origin": [8, 4, 8],
					"color": 3,
					"children": [
						4,
						5,
						6,
						7,
						8,
						9,
						10,
						11,
						12,
						13,
						14,
						{
							"name": "SteeringWheel",
							"origin": [8, 4, 6],
							"color": 1,
							"children": [
								{
									"name": "Hinge",
									"origin": [8, 4, 6],
									"color": 1,
									"children": [15]
								}
							]
						},
						{
							"name": "RLights",
							"origin": [8, 0, 8],
							"color": 5,
							"children": [16, 17]
						},
						{
							"name": "HLights",
							"origin": [8, 0, 8],
							"color": 5,
							"children": [18, 19]
						},
						20
					]
				}
			]
		}
	]
}